{
    "Mprotection": false,
    "autoAdd": false,
    "autoJoin": false,
    "autoJoinTicket": false,
    "autoLeave": false,
    "autoRead": false,
    "autoReject": {
        "members": 10,
        "status": true
    },
    "autotag": false,
    "blacklist": {},
    "changeGroupPicture": [],
    "changePicture": false,
    "chat": false,
    "checkContact": false,
    "commentBlack": {},
    "contact": false,
    "dblack": false,
    "dblacklist": false,
    "inviteprotect": false,
    "keyCommand": "",
    "linkprotect": false,
    "notag": true,
    "pname": {},
    "pro_name": {
        "c0b8465a3de331af5bddfe52643e918bf": "🏁🌲 ᎵᖇᏫ ᏰᎯᏁᎿᎯi",
        "c5560e7314c5277b4b25be3fd124a01dc": "༺S͠їℓ℮ηᎿf*Selfbotsℛ ",
        "c786d6500c9df7cc1213847e31144eda1": "lala"
    },
    "responpm": false,
    "restartBot": null,
    "restartPoint": "c6f11d34aebdc72baf6ed09ddbe2335fd",
    "server": "VPS",
    "sticker": false,
    "sticker1": false,
    "timeRestart": "18000",
    "userAgent": [
        "Mozilla/5.0 (X11; U; Linux i586; de; rv:5.0) Gecko/20100101 Firefox/5.0",
        "Mozilla/5.0 (X11; U; Linux amd64; rv:5.0) Gecko/20100101 Firefox/5.0 (Debian)",
        "Mozilla/5.0 (X11; U; Linux amd64; en-US; rv:5.0) Gecko/20110619 Firefox/5.0",
        "Mozilla/5.0 (X11; Linux) Gecko Firefox/5.0",
        "Mozilla/5.0 (X11; Linux x86_64; rv:5.0) Gecko/20100101 Firefox/5.0 FirePHP/0.5",
        "Mozilla/5.0 (X11; Linux x86_64; rv:5.0) Gecko/20100101 Firefox/5.0 Firefox/5.0",
        "Mozilla/5.0 (X11; Linux x86_64) Gecko Firefox/5.0",
        "Mozilla/5.0 (X11; Linux ppc; rv:5.0) Gecko/20100101 Firefox/5.0",
        "Mozilla/5.0 (X11; Linux AMD64) Gecko Firefox/5.0",
        "Mozilla/5.0 (X11; FreeBSD amd64; rv:5.0) Gecko/20100101 Firefox/5.0",
        "Mozilla/5.0 (Windows NT 6.2; WOW64; rv:5.0) Gecko/20100101 Firefox/5.0",
        "Mozilla/5.0 (Windows NT 6.1; Win64; x64; rv:5.0) Gecko/20110619 Firefox/5.0",
        "Mozilla/5.0 (Windows NT 6.1; Win64; x64; rv:5.0) Gecko/20100101 Firefox/5.0",
        "Mozilla/5.0 (Windows NT 6.1; rv:6.0) Gecko/20100101 Firefox/5.0",
        "Mozilla/5.0 (Windows NT 6.1.1; rv:5.0) Gecko/20100101 Firefox/5.0",
        "Mozilla/5.0 (Windows NT 5.2; WOW64; rv:5.0) Gecko/20100101 Firefox/5.0",
        "Mozilla/5.0 (Windows NT 5.1; U; rv:5.0) Gecko/20100101 Firefox/5.0",
        "Mozilla/5.0 (Windows NT 5.1; rv:2.0.1) Gecko/20100101 Firefox/5.0",
        "Mozilla/5.0 (Windows NT 5.0; WOW64; rv:5.0) Gecko/20100101 Firefox/5.0",
        "Mozilla/5.0 (Windows NT 5.0; rv:5.0) Gecko/20100101 Firefox/5.0"
    ],
    "wblack": false,
    "wblacklist": false,
    "welcome": false,
    "welcomeimg": true,
    "winvite": false
}